sales_ymd,sales_epoch,store_cd,receipt_no,receipt_sub_no,customer_id,product_cd,quantity,amount
20190123,1548201600,S14022,1132,1,CS022515000193,P050102001,1,60
20181124,1543017600,S12014,1122,1,CS014415000037,P090808010,1,270
20180924,1537747200,S13037,1122,2,CS037415000243,P050102003,1,185
20170731,1501459200,S13018,1122,1,ZZ000000000000,P070202041,1,218
20180423,1524441600,S13038,1112,1,CS038415000233,P071401003,1,1100
20180706,1530835200,S14046,1152,1,ZZ000000000000,P040801002,1,88
20190124,1548288000,S13002,1192,1,CS002515000242,P091402001,1,900
20170516,1494892800,S14011,1152,1,CS011415000076,P050101004,1,138
20180723,1532304000,S12014,1162,2,ZZ000000000000,P060104009,1,100
20180517,1526515200,S13002,1142,2,CS002412000280,P050101001,1,40
20190520,1558310400,S13016,1102,1,CS016415000041,P071004033,1,102
20170401,1491004800,S13016,1182,1,ZZ000000000000,P060101007,1,180
20191012,1570838400,S12007,1172,1,CS007515000084,P060102061,1,130
20171001,1506816000,S13004,1112,1,CS004415000308,P040101007,1,338
20170306,1488758400,S14027,1172,2,CS027414000007,P060703007,1,118
20180930,1538265600,S13002,1122,2,CS002414000214,P050701010,1,138
20191003,1570060800,S13020,1162,2,ZZ000000000000,P070802052,1,850
20170815,1502755200,S14042,112,1,ZZ000000000000,P071101002,1,278
20180923,1537660800,S13039,1182,2,CS039304000006,P060702004,1,88
20170918,1505692800,S12013,112,1,CS013215000047,P071401019,1,2200
20180714,1531526400,S14010,1112,2,CS010414000015,P070901021,1,195
20190902,1567382400,S12014,1182,1,CS014411000036,P060603004,1,145
20190124,1548288000,S14033,1132,1,CS033514000062,P070801084,1,1080
20181007,1538870400,S13003,1152,1,ZZ000000000000,P070709014,1,138
20170702,1498953600,S14028,112,1,ZZ000000000000,P060101001,1,110
20190521,1558396800,S13044,1132,2,ZZ000000000000,P071101004,1,680
20170807,1502064000,S13037,1142,2,ZZ000000000000,P071101005,1,680
20180331,1522454400,S14034,1152,2,CS034414000039,P050403008,1,188
20180205,1517788800,S13031,1102,1,CS031415000092,P080502001,1,278
20180824,1535068800,S13044,1102,1,ZZ000000000000,P070302018,1,558
20180429,1524960000,S13043,1142,1,CS043415000015,P080804001,1,100
20170516,1494892800,S14042,1152,1,ZZ000000000000,P060104027,1,120
20180831,1535673600,S14012,1182,1,ZZ000000000000,P060303001,1,148
20170613,1497312000,S14006,1172,2,CS006415000243,P070303016,1,175
20180106,1515196800,S14011,1132,2,CS011512000045,P050603001,1,168
20180404,1522800000,S14024,1152,1,CS024414000101,P070803001,1,50
20171028,1509148800,S13035,1142,2,CS035513000203,P070309031,1,588
20170718,1500336000,S12013,1132,1,CS013414000102,P080702001,1,110
20190106,1546732800,S13001,112,1,CS001214000017,P059001001,1,238
20170218,1487376000,S13001,1122,2,CS001412000195,P070404059,1,745
20190824,1566604800,S14047,1162,2,ZZ000000000000,P071001001,1,48
20181228,1545955200,S12030,1182,2,CS030613000086,P060303001,1,148
20190421,1555804800,S14034,1142,1,ZZ000000000000,P050601001,1,138
20180821,1534809600,S13005,1112,1,ZZ000000000000,P050701001,1,88
20170501,1493596800,S13016,1172,1,CS016414000026,P071005006,1,98
20170917,1505606400,S14010,1112,2,CS010311000001,P071401014,1,2200
20190505,1557014400,S12030,1132,2,ZZ000000000000,P080903004,1,100
20180812,1534032000,S14025,1172,2,CS025414000061,P071101006,1,680
20171112,1510444800,S13032,1192,2,CS032415000200,P060303001,1,148
20181111,1541894400,S14010,1132,2,CS010414000070,P090905170,1,1870
20180105,1515110400,S13004,1142,2,CS004514000143,P071401007,1,1200
20181125,1543104000,S12014,1132,1,CS014414000086,P040102010,1,358
20170816,1502841600,S14023,112,1,CS023215000036,P060402009,1,245
20180619,1529366400,S14042,1142,2,ZZ000000000000,P071004001,1,102
20180501,1525132800,S13001,1102,1,CS001415000324,P040102018,1,498
20171030,1509321600,S13031,1182,1,ZZ000000000000,P060303001,1,148
20180809,1533772800,S13003,1192,1,CS003514000203,P071401001,1,1100
20170127,1485475200,S13039,1102,1,CS039514000020,P070307076,1,588
20190307,1551916800,S14006,1112,2,CS006513000159,P060702022,1,148
20190803,1564790400,S14022,1192,1,CS022515000065,P060601001,1,78
20180325,1521936000,S14022,1172,1,CS022414000065,P071401020,1,2200
20170831,1504137600,S13031,1162,2,CS031515000190,P071401001,1,1100
20181230,1546128000,S14033,1122,1,ZZ000000000000,P070506010,1,278
20191015,1571097600,S14045,112,1,ZZ000000000000,P071101017,1,880
20170331,1490918400,S13016,112,2,ZZ000000000000,P090703073,1,610
20190515,1557878400,S14034,1132,1,ZZ000000000000,P071302001,1,280
20171228,1514419200,S13031,1182,1,CS031515000089,P060303001,1,148
20190529,1559088000,S13041,1122,2,ZZ000000000000,P070203030,1,258
20181113,1542067200,S13015,1182,2,CS015415000080,P059001001,1,238
20190419,1555632000,S14033,1192,2,CS033515000197,P070707001,1,45
20170528,1495929600,S14021,1192,2,CS021515000101,P050304001,1,118
20170503,1493769600,S13004,1152,2,CS004814000005,P050406001,1,98
20190221,1550707200,S13005,1192,2,CS005414000110,P070708032,1,155
20180207,1517961600,S12013,1132,2,CS013415000131,P060303001,1,148
20171101,1509494400,S14023,112,1,CS023214000011,P080202028,1,118
20190908,1567900800,S14025,1152,1,CS025415000188,P080901002,1,950
20170805,1501891200,S13001,1162,2,ZZ000000000000,P060403005,1,168
20171210,1512864000,S13008,1112,2,ZZ000000000000,P040301004,1,298
20180528,1527465600,S14011,1122,1,CS011414000012,P070702001,1,81
20180827,1535328000,S13039,112,1,CS039214000014,P040102013,1,398
20180413,1523577600,S14023,112,1,CS023115000006,P080803001,1,100
20190326,1553558400,S13016,112,1,CS016215000032,P091401190,1,780
20190921,1569024000,S13004,1102,1,CS004314000136,P060303001,1,148
20180421,1524268800,S13005,1152,1,ZZ000000000000,P071001063,1,102
20170606,1496707200,S13031,1112,2,CS031414000044,P050101001,1,40
20190528,1559001600,S13041,1122,1,ZZ000000000000,P040802001,1,80
20170310,1489104000,S12014,1172,2,CS014411000026,P080201001,1,98
20180107,1515283200,S13008,1182,2,ZZ000000000000,P091403015,1,630
20190711,1562803200,S13035,1132,2,CS035513000134,P050102003,1,185
20170705,1499212800,S13035,1162,1,ZZ000000000000,P050301016,1,138
20170219,1487462400,S13003,1142,1,ZZ000000000000,P059001001,1,238
20181212,1544572800,S14006,1182,2,CS006515000141,P070705007,1,145
20190217,1550361600,S13008,1172,2,ZZ000000000000,P080701007,1,150
20190720,1563580800,S14026,1122,2,CS026414000014,P060802010,1,270
20170905,1504569600,S14023,1132,1,CS023414000088,P071401001,1,1100
20180203,1517616000,S14010,1172,2,ZZ000000000000,P071401013,1,2200
20170923,1506124800,S12030,1112,1,CS030515000213,P080402011,1,298
20170420,1492646400,S14024,1132,2,CS024814000007,P070301006,1,175
20181107,1541548800,S14047,1132,2,ZZ000000000000,P070504001,1,100
20170309,1489017600,S13016,1172,1,CS016415000019,P050104001,1,115
20181228,1545955200,S13019,1142,2,ZZ000000000000,P071101001,1,278
20170921,1505952000,S14027,1162,1,CS027415000082,P060602021,1,120
20170720,1500508800,S12007,1132,1,CS007514000056,P091401045,1,135
20181006,1538784000,S13009,1112,1,CS009415000214,P070602026,1,128
20180412,1523491200,S13016,1122,1,CS016412000119,P071102002,1,190
20180821,1534809600,S14025,1162,2,CS025415000205,P071002008,1,102
20180913,1536796800,S13016,1192,1,ZZ000000000000,P050303025,1,278
20180107,1515283200,S13005,1132,1,ZZ000000000000,P060104059,1,250
20171127,1511740800,S13039,1122,2,CS039414000052,P060203001,1,98
20190129,1548720000,S13001,1192,1,CS001414000037,P070310003,1,228
20180104,1515024000,S12007,1112,1,CS007615000070,P050601001,1,138
20171019,1508371200,S13039,1192,2,CS039304000007,P050101002,1,128
20190620,1560988800,S14028,1162,2,CS028515000128,P060303001,1,148
20180820,1534723200,S13004,1192,2,CS004415000082,P040501001,1,100
20190729,1564358400,S13001,1122,2,CS001515000551,P060101007,1,180
20171027,1509062400,S13020,1182,1,CS020412000095,P080702001,1,110
20180305,1520208000,S14033,1182,2,CS033414000058,P050701004,1,98
20180403,1522713600,S14006,1132,2,CS006415000019,P071302001,1,280
20170703,1499040000,S12029,1152,1,CS029515000141,P050301004,1,65
20170602,1496361600,S12029,1152,1,ZZ000000000000,P071401019,1,2200
20170329,1490745600,S14012,1142,1,CS012415000043,P060104010,1,100
20180509,1525824000,S12014,1102,2,ZZ000000000000,P060101001,1,110
20180314,1520985600,S13039,1112,1,CS039415000065,P090805040,1,540
20190401,1554076800,S13038,1162,2,ZZ000000000000,P071003031,1,150
20181011,1539216000,S14042,1182,1,ZZ000000000000,P071401016,1,2200
20180718,1531872000,S13019,1102,2,CS019414000099,P059001014,1,298
20170202,1485993600,S13038,1152,1,CS038414000068,P060403001,1,98
20191023,1571788800,S14027,1172,1,CS027414000023,P050301037,1,278
20180803,1533254400,S13041,1172,1,ZZ000000000000,P071002038,1,288
20171130,1512000000,S14026,1192,2,CS026515000081,P050103001,1,78
20190326,1553558400,S14042,1192,2,ZZ000000000000,P080803001,1,100
20171015,1508025600,S14026,1112,2,CS026415000123,P071101020,1,980
20190114,1547424000,S13041,1112,1,ZZ000000000000,P050101001,1,40
20180902,1535846400,S13003,112,1,CS003214000054,P070707021,1,115
20170810,1502323200,S13032,1192,2,CS032414000119,P071401001,2,2200
20190313,1552435200,S14010,1102,2,ZZ000000000000,P040101010,1,580
20181231,1546214400,S13031,1122,2,ZZ000000000000,P050406015,1,148
20180104,1515024000,S13035,1132,2,CS035515000182,P070310001,1,130
20190508,1557273600,S14047,1192,2,ZZ000000000000,P070503018,1,100
20180206,1517875200,S13035,1172,2,CS035415000266,P060702015,1,108
20190911,1568160000,S13017,1122,1,CS017415000083,P050601004,1,185
20170813,1502582400,S12030,1132,2,CS030415000146,P050301035,1,248
20190612,1560297600,S13032,1152,1,ZZ000000000000,P071005015,1,102
20180402,1522627200,S14011,1162,1,CS011414000050,P060402007,1,245
20190623,1561248000,S14033,1152,1,CS033414000058,P040601001,1,278
20180518,1526601600,S14012,1152,2,CS012515000028,P060702003,1,88
20190421,1555804800,S13003,1102,2,CS003415000269,P071003002,1,88
20191012,1570838400,S14040,1102,1,CS040415000200,P060501005,1,208
20170418,1492473600,S14040,112,2,CS040215000032,P080101001,1,30
20190308,1552003200,S14010,1122,2,CS010513000247,P070709059,1,205
20170930,1506729600,S13043,1182,2,ZZ000000000000,P071001042,1,102
20180618,1529280000,S13002,1112,2,CS002415000303,P070101078,1,188
20180613,1528848000,S14045,1142,2,ZZ000000000000,P050101007,1,168
20181128,1543363200,S14006,1152,1,CS006515000037,P060102001,1,70
20190210,1549756800,S14022,1192,2,CS022414000042,P060104001,1,70
20190406,1554508800,S13044,1192,2,ZZ000000000000,P071001014,1,102
20190910,1568073600,S13009,1172,1,CS009314000032,P070202007,1,138
20180430,1525046400,S13020,1192,2,CS020414000094,P070203018,1,185
20190903,1567468800,S13017,1172,1,CS017415000265,P060704003,1,198
20190209,1549670400,S13004,1172,2,ZZ000000000000,P070704052,1,153
20180118,1516233600,S13019,1132,2,ZZ000000000000,P071401001,1,1100
20190320,1553040000,S13018,1142,1,ZZ000000000000,P050101002,1,128
20170213,1486944000,S14012,1122,2,CS012415000225,P070802007,1,235
20170226,1488067200,S14028,1192,2,ZZ000000000000,P080702013,1,288
20180821,1534809600,S13041,1172,1,ZZ000000000000,P040501005,1,278
20180801,1533081600,S13002,1132,2,CS002515000015,P060102001,1,70
20180313,1520899200,S14045,1122,1,ZZ000000000000,P090206014,1,630
20190520,1558310400,S13016,1122,1,CS016415000094,P050102005,1,198
20180530,1527638400,S13003,1112,1,CS003515000088,P050104003,1,118
20181103,1541203200,S13018,1192,2,ZZ000000000000,P060104060,1,250
20170116,1484524800,S14028,1142,2,CS028415000007,P071302002,1,308
20170816,1502841600,S14033,1112,2,CS033415000239,P050301024,1,188
20190513,1557705600,S12029,1122,2,CS029414000110,P060503005,1,198
20190717,1563321600,S14048,112,2,ZZ000000000000,P060303001,1,148
20190624,1561334400,S12014,1132,1,ZZ000000000000,P080403001,1,175
20181202,1543708800,S14026,1152,2,CS026514000073,P071401008,1,1200
20190429,1556496000,S13004,1112,1,CS004414000271,P060801045,1,90
20181004,1538611200,S13020,1182,1,CS020514000023,P080701001,1,75
20180507,1525651200,S13038,112,2,CS038214000017,P060101001,1,110
20190629,1561766400,S12013,1132,1,ZZ000000000000,P070101110,1,268
20180625,1529884800,S13020,1132,1,CS020415000041,P080201003,1,98
20181013,1539388800,S13016,1102,1,CS016415000251,P060702003,1,88
20171207,1512604800,S14040,1122,1,CS040514000030,P060104007,1,100
20190724,1563926400,S13002,1132,2,CS002515000195,P040101003,1,230
20180608,1528416000,S12029,1122,1,ZZ000000000000,P090401023,1,250
20170203,1486080000,S14021,112,1,ZZ000000000000,P070405020,1,128
20190303,1551571200,S14047,1142,2,ZZ000000000000,P060503002,1,78
20190825,1566691200,S14034,1162,2,CS034414000041,P090102126,1,780
20181202,1543708800,S14027,1132,1,ZZ000000000000,P090103020,1,200
20180726,1532563200,S13038,1192,2,CS038514000046,P040503001,1,298
20190618,1560816000,S13038,1122,2,CS038815000014,P070404005,1,115
20190401,1554076800,S14023,1142,1,CS023515000153,P040403001,1,198
20190804,1564876800,S13052,1192,2,ZZ000000000000,P070701038,1,130
20181031,1540944000,S13043,1152,2,ZZ000000000000,P070407005,1,138
20180411,1523404800,S13041,1192,1,ZZ000000000000,P071005006,1,98
20190427,1556323200,S14024,1182,2,CS024415000221,P070602016,1,128
20170426,1493164800,S13003,1102,2,ZZ000000000000,P091503001,1,280
20190426,1556236800,S12014,1182,1,CS014514000016,P050701003,1,98
20190703,1562112000,S13018,112,1,ZZ000000000000,P050601002,1,158
20190306,1551830400,S13018,1142,1,CS018515000016,P090103014,1,198
20190926,1569456000,S14049,1102,2,ZZ000000000000,P071005014,1,102
20170629,1498694400,S12013,1152,1,CS013515000143,P060103001,1,100
20171206,1512518400,S14025,1152,1,CS025515000057,P071401013,1,2200
20171013,1507852800,S13016,1192,1,ZZ000000000000,P080102062,1,85
20181208,1544227200,S14021,1102,1,ZZ000000000000,P050601005,1,188
20170805,1501891200,S13039,1122,1,ZZ000000000000,P070705050,1,278
20181001,1538352000,S13032,1192,2,CS032414000031,P040701008,1,298
20171119,1511049600,S12030,112,1,CS030215000003,P040503001,1,298
20180530,1527638400,S13001,112,1,ZZ000000000000,P050102004,1,188
20180326,1522022400,S14023,1122,1,ZZ000000000000,P040401008,1,278
20190526,1558828800,S12029,1142,2,CS029415000162,P040101003,1,230
20180123,1516665600,S13002,1102,2,CS002414000070,P071101003,1,680
20180606,1528243200,S13019,1182,1,ZZ000000000000,P070303010,1,168
20171229,1514505600,S14021,1172,1,CS021403000023,P050501025,1,255
20181001,1538352000,S13018,1172,2,ZZ000000000000,P070307042,1,235
20170525,1495670400,S12030,1152,2,CS030415000223,P050101004,1,138
20170604,1496534400,S14023,1112,1,ZZ000000000000,P070704055,1,165
20190425,1556150400,S13035,1152,1,ZZ000000000000,P050701001,1,88
20190729,1564358400,S13017,1102,2,CS017515000041,P071401025,1,2400
20180828,1535414400,S13008,1102,2,CS008414000051,P060104050,1,200
20190413,1555113600,S13041,1122,1,CS041414000001,P080403002,1,175
20180125,1516838400,S13031,1152,1,CS031414000059,P050207022,1,398
20171206,1512518400,S14025,1192,2,CS025411000034,P070704028,1,118
20171108,1510099200,S14026,1152,2,CS026415000172,P090804069,1,380
20190426,1556236800,S14006,1122,1,ZZ000000000000,P040102008,1,358
20180705,1530748800,S14028,1102,2,CS028512000005,P060701002,1,98
20190319,1552953600,S13020,112,2,CS020215000061,P070807001,1,190
20180209,1518134400,S13015,1132,2,ZZ000000000000,P071302006,1,358
20190121,1548028800,S12029,1132,2,CS029414000118,P050102001,1,60
20180720,1532044800,S13032,112,2,ZZ000000000000,P050301006,1,75
20180918,1537228800,S14042,1142,2,ZZ000000000000,P050603001,1,168
20190527,1558915200,S14049,1172,1,ZZ000000000000,P071401001,1,1100
20180629,1530230400,S14040,1102,1,CS040615000078,P080702008,1,238
20171019,1508371200,S13031,1192,1,CS031605000007,P080301010,1,365
20171025,1508889600,S14021,1192,1,CS021414000085,P059001024,1,578
20190701,1561939200,S13044,1162,2,ZZ000000000000,P060502001,1,100
20190824,1566604800,S14010,1112,1,ZZ000000000000,P080804001,1,100
20181210,1544400000,S13037,1192,1,CS037515000165,P050103004,1,110
20170120,1484870400,S13031,1172,1,ZZ000000000000,P050303023,1,248
20170906,1504656000,S13037,1102,1,ZZ000000000000,P040102004,1,318
20190206,1549411200,S14040,1142,2,CS040411000037,P070307012,1,120
20170707,1499385600,S13008,1132,2,CS008513000141,P071001003,1,68
20170901,1504224000,S13017,1142,2,CS017514000019,P091503001,1,280
20171102,1509580800,S13003,1162,1,CS003515000290,P071301002,1,2485
20190324,1553385600,S14012,1192,1,CS012415000154,P050701005,1,108
20190805,1564963200,S14025,1152,1,CS025515000053,P050602002,1,198
20170103,1483401600,S14040,112,2,ZZ000000000000,P040101002,1,218
20191017,1571270400,S13002,1132,1,ZZ000000000000,P050101006,1,158
20190102,1546387200,S12007,1182,1,CS007615000058,P060101006,1,180
20171227,1514332800,S14022,1162,1,CS022515000065,P080805001,1,88
20170824,1503532800,S14026,1142,1,ZZ000000000000,P060101006,1,180
20180323,1521763200,S13015,1142,1,ZZ000000000000,P080102037,1,54
20190530,1559174400,S12014,1192,1,ZZ000000000000,P050301034,1,248
20190708,1562544000,S13020,1182,2,CS020515000128,P070305028,1,248
20190901,1567296000,S13002,1142,1,ZZ000000000000,P060103001,1,100
20171025,1508889600,S13016,1102,2,ZZ000000000000,P040501005,1,278
20180710,1531180800,S12029,112,1,CS029214000010,P070704001,1,95
20190831,1567209600,S14011,1102,1,CS011515000016,P040101002,1,218
20190110,1547078400,S13020,1132,1,CS020514000069,P091503005,1,1280
20180823,1534982400,S14028,1132,1,ZZ000000000000,P040501010,1,318
20170515,1494806400,S14040,1122,2,CS040415000104,P050701006,1,108
20171129,1511913600,S12014,112,2,CS014214000013,P040501009,1,298
20171231,1514678400,S13003,1142,1,CS003515000431,P040802002,1,100
20170321,1490054400,S13020,1142,1,CS020815000007,P060104024,1,120
20190812,1565568000,S14042,1192,1,ZZ000000000000,P070203004,1,100
20181118,1542499200,S13008,1122,1,CS008415000201,P071002003,1,88
20190911,1568160000,S14024,1142,1,CS024415000256,P080701001,1,75
20170713,1499904000,S12029,1102,1,CS029515000079,P080401026,1,195
20180603,1527984000,S14024,1102,2,CS024515000112,P050406008,1,128
20170609,1496966400,S13017,1122,2,CS017515000089,P071004006,1,102
20170713,1499904000,S13016,1122,2,CS016515000072,P060701001,1,98
20170218,1487376000,S14011,112,2,ZZ000000000000,P040402001,1,228
20170112,1484179200,S13035,1182,1,CS035414000020,P071102003,1,190
20170205,1486252800,S13004,1152,2,ZZ000000000000,P080801001,1,50
20190414,1555200000,S12029,112,1,CS029215000021,P060303001,1,148
20190530,1559174400,S14034,1142,1,ZZ000000000000,P071401004,1,1100
20180516,1526428800,S12007,112,1,CS007115000006,P070202008,1,138
20170219,1487462400,S12030,1152,2,CS030315000138,P060501006,1,218
20190305,1551744000,S14012,1142,1,CS012415000138,P070707020,1,115
20190122,1548115200,S14033,1132,1,CS033415000162,P071004001,1,102
20180829,1535500800,S14028,1152,2,CS028515000015,P071401001,1,1100
20171113,1510531200,S13037,1192,2,CS037415000254,P060102037,1,100
20170108,1483833600,S14027,1152,2,CS027414000047,P071401001,1,1100
20181110,1541808000,S14011,1192,1,CS011415000041,P070406188,1,475
20171010,1507593600,S14028,112,2,CS028215000020,P060102062,1,130
20190831,1567209600,S14006,1182,2,CS006515000023,P071401012,1,2200
20170123,1485129600,S14011,1142,1,CS011415000157,P080803001,1,100
20190711,1562803200,S13017,1122,2,CS017513000142,P090103002,1,105
20171030,1509321600,S13018,1152,2,ZZ000000000000,P040802001,1,80
20180605,1528156800,S14012,1192,2,CS012415000154,P050701009,1,138
20180301,1519862400,S14028,1162,2,ZZ000000000000,P050301021,1,188
20170913,1505260800,S13017,1122,1,CS017315000040,P070302001,1,200
20180806,1533513600,S14012,1102,2,CS012515000219,P091503005,1,1280
20170503,1493769600,S13003,1142,1,CS003415000165,P070801060,1,748
20180807,1533600000,S14025,112,1,CS025214000016,P091501006,1,120
20170402,1491091200,S12014,1192,2,CS014415000030,P050701003,1,98
20190618,1560816000,S12029,112,2,CS029215000029,P050701013,1,148
20171212,1513036800,S13020,112,2,CS020214000001,P040401005,1,228
20190402,1554163200,S13005,1112,1,CS005415000350,P070101072,1,175
20190524,1558656000,S13020,1122,1,CS020515000073,P071401001,1,1100
20190604,1559606400,S14042,1162,1,ZZ000000000000,P070306001,1,68
20180210,1518220800,S12029,1122,1,ZZ000000000000,P060602003,1,78
20180107,1515283200,S14027,1192,2,CS027414000012,P040503001,1,298
20170511,1494460800,S14006,1162,2,CS006415000243,P070310002,1,195
20170101,1483228800,S13035,1122,2,CS035414000008,P040101002,1,218
20180709,1531094400,S13008,1172,2,CS008515000115,P070302017,1,558
20191010,1570665600,S14011,1192,1,ZZ000000000000,P080802001,1,98
20190219,1550534400,S14012,1122,1,ZZ000000000000,P070707001,1,45
20180223,1519344000,S13039,112,2,CS039213000018,P060104063,1,280
20190202,1549065600,S13038,1162,1,CS038415000040,P060602016,1,100
20170213,1486944000,S13037,1112,1,CS037415000106,P060303001,2,296
20191010,1570665600,S14050,1192,2,ZZ000000000000,P050303013,1,208
20170527,1495843200,S14022,1192,2,ZZ000000000000,P071001008,1,88
20180718,1531872000,S12013,1132,2,ZZ000000000000,P040503001,1,298
20170402,1491091200,S13032,1162,2,CS032415000202,P060303001,3,444
20190107,1546819200,S13001,1192,2,ZZ000000000000,P060701004,1,130
20180616,1529107200,S13044,1172,2,ZZ000000000000,P080801007,1,218
20190627,1561593600,S14024,1122,2,ZZ000000000000,P090904096,1,440
20181227,1545868800,S14025,1162,2,CS025512000138,P071401002,1,1100
20190130,1548806400,S14033,1102,1,CS033514000068,P071001059,1,102
20180204,1517702400,S13039,1112,2,CS039415000065,P070504015,1,178
20171108,1510099200,S14034,1172,1,CS034415000206,P070702132,1,168
20180322,1521676800,S12007,1172,2,CS007512000018,P080702001,1,110
20190430,1556582400,S12014,1142,2,CS014415000225,P050101001,1,40
20170131,1485820800,S13005,1162,2,CS005515000216,P070708001,1,70
20181004,1538611200,S12030,1152,2,CS030513000108,P090102048,1,325
20170522,1495411200,S13016,1152,1,CS016415000114,P090803005,1,238
20170218,1487376000,S14006,1122,1,CS006515000109,P080401002,1,80
20180523,1527033600,S13031,1132,2,CS031415000019,P050701005,1,108
20170511,1494460800,S13003,1172,2,CS003415000219,P070302001,1,200
20181123,1542931200,S13039,112,2,ZZ000000000000,P060702021,1,143
20170316,1489622400,S13016,1142,1,CS016415000101,P070506001,1,100
20170626,1498435200,S13016,1192,2,CS016415000070,P060801001,1,54
20170317,1489708800,S13031,112,2,CS031213000042,P050403001,1,128
20191017,1571270400,S14010,1172,1,CS010412000019,P080602003,1,428
20180507,1525651200,S12013,1152,1,CS013414000030,P071301003,1,2650
20180504,1525392000,S12013,1132,2,ZZ000000000000,P050101004,1,138
20180511,1525996800,S13018,1152,1,CS018513000149,P071101003,1,680
20180127,1517011200,S14025,1172,2,CS025512000009,P040802004,1,368
20180715,1531612800,S13019,112,1,CS019214000015,P090805026,1,400
20181003,1538524800,S14010,1122,1,ZZ000000000000,P060403024,1,298
20191012,1570838400,S13020,1142,1,CS020415000178,P091503004,1,1130
20180722,1532217600,S13018,1182,2,ZZ000000000000,P070707025,1,118
20170616,1497571200,S14028,1172,2,CS028515000220,P040202001,1,178
20180513,1526169600,S13020,1172,2,CS020415000197,P071101018,1,880
20190507,1557187200,S13037,1152,2,CS037415000179,P071401001,1,1100
20190727,1564185600,S13038,1192,1,CS038414000106,P060102050,1,120
20190724,1563926400,S13051,1142,2,ZZ000000000000,P070304020,1,170
20180601,1527811200,S14040,112,1,ZZ000000000000,P060602006,1,98
20181222,1545436800,S13004,1192,1,CS004414000274,P070705054,1,285
20170217,1487289600,S14033,1142,2,CS033413000052,P071401001,1,1100
20170817,1502928000,S14010,112,1,CS010214000010,P070707060,1,188
20170530,1496102400,S13004,1132,1,ZZ000000000000,P070504025,1,228
20181216,1544918400,S14028,1182,2,CS028515000080,P071401025,1,2400
20190913,1568332800,S14033,1182,1,CS033514000065,P071401001,1,1100
20170728,1501200000,S13017,1172,1,ZZ000000000000,P071001012,1,98
20190430,1556582400,S14023,1102,1,CS023414000087,P050602001,1,88
20170626,1498435200,S13001,1172,2,ZZ000000000000,P080702004,1,178
20180913,1536796800,S12029,1112,1,CS029412000075,P070901060,1,298
20180425,1524614400,S14010,1142,2,CS010415000293,P060804003,1,450
20190620,1560988800,S13043,1122,1,CS043411000004,P080403004,1,188
20170128,1485561600,S14024,1152,2,ZZ000000000000,P060104030,1,120
20180202,1517529600,S13018,1132,2,CS018513000194,P071101004,1,680
20170522,1495411200,S13039,1142,1,ZZ000000000000,P080702013,1,288
20170708,1499472000,S14028,112,1,ZZ000000000000,P050406063,1,598
20171213,1513123200,S12007,1112,2,CS007514000086,P060104018,1,120
20181225,1545696000,S14027,1132,2,ZZ000000000000,P050701003,1,98
20170306,1488758400,S13005,1132,1,CS005415000199,P070405002,1,85
20190930,1569801600,S14033,1192,2,ZZ000000000000,P080801001,1,50
20180127,1517011200,S14022,1132,1,CS022615000073,P090302002,1,96
20170925,1506297600,S13043,1182,2,ZZ000000000000,P071004001,1,102
20181023,1540252800,S14024,1122,1,ZZ000000000000,P070707003,1,98
20170116,1484524800,S13009,1192,2,CS009415000130,P071401009,1,1200
20180402,1522627200,S14034,1112,1,ZZ000000000000,P080702005,1,195
20180426,1524700800,S14040,1162,2,ZZ000000000000,P040402001,1,228
20171005,1507161600,S13031,1122,1,CS031414000028,P060702001,1,88
20180430,1525046400,S13043,112,1,ZZ000000000000,P080401001,1,48
20180926,1537920000,S13002,1172,1,CS002415000053,P070307045,1,275
20180327,1522108800,S13032,1162,2,ZZ000000000000,P070304013,1,138
20180324,1521849600,S14025,1122,1,CS025415000048,P060702002,1,88
20190213,1550016000,S13018,1152,2,CS018414000065,P050405001,1,148
20190211,1549843200,S12030,1192,2,CS030415000107,P060702025,1,198
20190710,1562716800,S13004,1162,2,CS004515000492,P060303001,1,148
20190701,1561939200,S13003,1102,1,CS003514000306,P090201063,1,450
20191026,1572048000,S14050,1122,1,ZZ000000000000,P070703001,1,98
20181128,1543363200,S12029,1182,1,CS029515000141,P060102031,1,100
20181025,1540425600,S14021,1172,2,ZZ000000000000,P070710029,1,248
20181109,1541721600,S14023,1172,1,CS023512000025,P050301034,1,248
20190723,1563840000,S13001,1122,2,CS001415000142,P080403001,1,175
20170609,1496966400,S13009,1122,2,CS009515000039,P040503001,1,298
20181127,1543276800,S12013,1122,1,ZZ000000000000,P070101105,1,255
20170521,1495324800,S14028,1172,2,ZZ000000000000,P060403022,1,298
20190905,1567641600,S13035,112,2,CS035212000033,P040501006,1,298
20170513,1494633600,S13001,1172,2,CS001515000118,P070702152,1,248
20171229,1514505600,S13031,1102,1,CS031614000001,P060102010,1,90
20171108,1510099200,S13015,1112,1,CS015415000069,P070707100,1,238
20190705,1562284800,S13044,1182,2,ZZ000000000000,P060801122,1,342
20170601,1496275200,S13037,1152,2,CS037515000175,P050104003,1,118
20170731,1501459200,S13002,1192,2,CS002515000414,P060702006,1,88
20170503,1493769600,S14010,1192,1,CS010415000083,P040502005,1,298
20170705,1499212800,S13009,1162,2,CS009415000214,P059001012,1,288
20180210,1518220800,S14033,1142,1,CS033514000006,P050301002,1,65
20190527,1558915200,S14022,1162,2,CS022515000145,P070405126,1,238
20180122,1516579200,S12030,1192,1,ZZ000000000000,P070401060,1,237
20170413,1492041600,S12013,1102,2,CS013415000089,P040802004,1,368
20170104,1483488000,S14022,1112,1,CS022515000150,P070504013,1,178
20170626,1498435200,S13015,1152,2,CS015415000222,P050302001,1,80
20180524,1527120000,S12007,1172,1,ZZ000000000000,P070501022,1,345
20191001,1569888000,S13051,1162,2,ZZ000000000000,P050602002,1,198
20170130,1485734400,S14024,1162,1,CS024515000151,P080701008,1,150
20190217,1550361600,S14028,1102,2,CS028415000072,P070806032,1,560
20190904,1567555200,S14049,1122,2,ZZ000000000000,P040101001,1,198
20190915,1568505600,S13052,1102,1,ZZ000000000000,P040601001,1,278
20171022,1508630400,S13004,1192,1,ZZ000000000000,P050601001,1,138
20190603,1559520000,S13032,1122,2,CS032515000082,P040102007,1,338
20180608,1528416000,S13005,1102,1,CS005513000114,P060102075,1,238
20171206,1512518400,S13017,1142,2,ZZ000000000000,P071302001,1,280
20180525,1527206400,S14045,1142,1,ZZ000000000000,P071003039,1,268
20180514,1526256000,S13043,1162,1,ZZ000000000000,P040503001,1,298
20190815,1565827200,S13039,1122,2,ZZ000000000000,P040802005,1,368
20170823,1503446400,S13017,1102,2,CS017415000165,P040802006,1,438
20180606,1528243200,S14045,1162,1,ZZ000000000000,P090103017,1,198
20180717,1531785600,S12030,1122,1,ZZ000000000000,P071001001,1,48
20170114,1484352000,S13001,1162,1,ZZ000000000000,P080102016,1,30
20181012,1539302400,S14040,1172,2,CS040514000055,P071002039,1,288
20171030,1509321600,S13018,1132,1,ZZ000000000000,P090401028,1,375
20170127,1485475200,S14023,1162,1,ZZ000000000000,P050601004,1,185
20170114,1484352000,S13005,1132,2,ZZ000000000000,P090102019,1,198
20180825,1535155200,S13032,1132,2,CS032415000122,P060102018,1,100
20180310,1520640000,S13004,1102,1,CS004415000541,P040102001,1,268
20181006,1538784000,S13031,1192,2,CS031415000106,P060503002,1,78
20191030,1572393600,S14042,1152,2,ZZ000000000000,P070408005,1,258
20170727,1501113600,S13015,1122,2,CS015515000077,P050601003,1,170
20180823,1534982400,S14012,112,1,ZZ000000000000,P070201019,1,178
20180805,1533427200,S13020,1162,2,ZZ000000000000,P071101014,1,780
20181221,1545350400,S13017,1162,1,ZZ000000000000,P090701084,1,1380
20190908,1567900800,S12030,1182,2,CS030415000209,P060701004,1,130
20190526,1558828800,S14022,1162,2,CS022411000034,P040101005,1,268
20180109,1515456000,S13001,1172,2,ZZ000000000000,P070403001,1,75
20170928,1506556800,S12013,1152,2,ZZ000000000000,P050303023,1,248
20190220,1550620800,S13043,1102,1,ZZ000000000000,P071302001,1,280
20190630,1561852800,S12030,1182,2,CS030515000200,P070710046,1,428
20190819,1566172800,S14025,1172,2,CS025414000015,P090901054,1,2320
20190809,1565308800,S13018,1102,1,CS018615000056,P060102073,1,200
20180216,1518739200,S13043,1112,2,CS043413000004,P060601016,1,100
20181010,1539129600,S14026,1142,2,CS026414000039,P060703013,1,148
20170724,1500854400,S14011,1132,2,CS011414000022,P090103051,1,640
20190220,1550620800,S14048,1162,2,ZZ000000000000,P080602001,1,208
20170506,1494028800,S14025,1162,2,CS025513000055,P060702012,1,100
20190824,1566604800,S13017,1162,2,CS017415000125,P060403013,1,248
20180311,1520726400,S13017,1132,2,CS017415000033,P060701002,1,98
20170808,1502150400,S13016,1132,2,ZZ000000000000,P050601001,1,138
20170610,1497052800,S14025,1132,1,CS025513000071,P091503001,1,280
20180314,1520985600,S13016,1182,1,CS016415000063,P090304010,1,710
20180321,1521590400,S13041,1152,2,ZZ000000000000,P060805001,1,495
20190121,1548028800,S13009,1152,2,CS009415000016,P080803001,1,100
20191013,1570924800,S14021,1182,1,CS021515000208,P070202001,1,100
20190509,1557360000,S14034,1132,1,CS034515000158,P070404043,1,268
20181211,1544486400,S12007,1112,2,ZZ000000000000,P050404014,1,148
20170531,1496188800,S13018,112,1,ZZ000000000000,P090102119,1,698
20170706,1499299200,S12007,1172,1,ZZ000000000000,P071301001,1,1100
20170803,1501718400,S14021,1192,2,ZZ000000000000,P070702005,1,83
20170312,1489276800,S13019,112,1,CS019215000020,P050402001,1,288
20180412,1523491200,S13038,1102,2,CS038412000016,P070707010,1,98
20190409,1554768000,S14026,1172,2,CS026415000019,P071401002,1,1100
20190831,1567209600,S14048,1122,2,ZZ000000000000,P050701001,1,88
20171007,1507334400,S13002,1122,1,CS002513000319,P080702009,1,258
20190928,1569628800,S14027,1192,1,CS027415000030,P060101004,1,170
20170312,1489276800,S14024,1172,2,CS024814000007,P070802021,1,325
20180130,1517270400,S14023,1132,2,CS023515000234,P040802001,1,80
20190708,1562544000,S13044,1192,2,ZZ000000000000,P070602014,1,125
20181220,1545264000,S14022,1132,1,CS022511000047,P080403004,1,188
20170707,1499385600,S14023,1182,1,ZZ000000000000,P080702008,1,238
20190407,1554595200,S13002,1172,2,CS002414000343,P050301007,1,75
20190315,1552608000,S12013,1132,2,CS013513000043,P071401012,1,2200
20170612,1497225600,S14021,1122,1,CS021515000101,P070307029,1,168
20180925,1537833600,S14036,1112,2,ZZ000000000000,P060603004,1,145
20170102,1483315200,S14025,112,1,ZZ000000000000,P080802001,1,98
20190701,1561939200,S14021,1182,2,CS021615000076,P071103011,1,1080
20180823,1534982400,S14027,1182,1,CS027514000001,P060802003,1,270
20190117,1547683200,S13003,112,2,ZZ000000000000,P060303001,1,148
20171210,1512864000,S13017,1162,1,CS017414000086,P071001096,1,298
20180328,1522195200,S14036,1182,1,ZZ000000000000,P070702121,1,163
20180417,1523923200,S13005,1112,1,ZZ000000000000,P050501016,1,234
20190613,1560384000,S13008,1182,2,CS008514000047,P050101001,1,40
20180621,1529539200,S14034,1122,1,CS034412000216,P071001094,1,298
20190924,1569283200,S13018,1102,2,CS018205000001,P091503001,1,280
20190929,1569715200,S13038,1182,1,CS038415000047,P060102033,1,100
20190204,1549238400,S13044,1192,2,ZZ000000000000,P070503037,1,160
20170330,1490832000,S13015,1182,1,ZZ000000000000,P071401012,1,2200
20171112,1510444800,S13009,1192,1,CS009415000051,P070404036,1,238
20180926,1537920000,S13016,112,2,ZZ000000000000,P070710002,1,58
20191031,1572480000,S14042,1142,2,ZZ000000000000,P071102001,1,190
20190118,1547769600,S14011,1152,2,CS011513000188,P040503001,1,298
20190702,1562025600,S14024,1152,1,CS024515000069,P060303001,1,148
20170502,1493683200,S13001,1112,1,ZZ000000000000,P050303004,1,128
20170604,1496534400,S14027,1192,1,CS027414000084,P060101005,1,170
20190705,1562284800,S14012,1152,2,ZZ000000000000,P060102066,1,150
20170821,1503273600,S14012,1172,2,CS012415000111,P050403001,1,128
20190313,1552435200,S14048,1132,2,ZZ000000000000,P040102010,1,358
20171110,1510272000,S14021,1142,2,CS021615000009,P091403006,1,380
20190518,1558137600,S13009,1152,1,CS009311000012,P070709031,1,168
20170520,1495238400,S13038,1132,1,CS038411000020,P070401062,1,248
20180531,1527724800,S14036,1132,1,ZZ000000000000,P071004037,1,102
20180730,1532908800,S13032,1172,1,CS032515000136,P059001001,1,238
20180825,1535155200,S14047,1122,1,ZZ000000000000,P050102001,1,60
20190620,1560988800,S13041,1152,2,ZZ000000000000,P080701001,1,75
20180412,1523491200,S13039,1142,2,ZZ000000000000,P071401013,1,2200
20171223,1513987200,S14021,1182,1,ZZ000000000000,P060403001,1,98
20170909,1504915200,S14023,1112,2,CS023513000064,P071003036,1,190
20190225,1551052800,S13002,1142,2,CS002415000150,P070803009,1,188
20180611,1528675200,S13008,1162,1,ZZ000000000000,P080202034,1,135
20180221,1519171200,S13005,1142,1,ZZ000000000000,P071401009,2,2400
20171104,1509753600,S13015,1162,2,ZZ000000000000,P080105001,1,135
20171005,1507161600,S13008,112,2,CS008214000028,P080102125,1,95
20180310,1520640000,S14012,1172,2,CS012415000093,P070101004,1,55
20190323,1553299200,S14011,1142,1,ZZ000000000000,P071102004,1,458
20170729,1501286400,S13008,1132,2,CS008615000069,P059001005,1,238
20180119,1516320000,S13015,1142,2,CS015515000007,P060802018,1,270
20171129,1511913600,S13044,1112,2,ZZ000000000000,P040101001,1,198
20191021,1571616000,S14042,1172,2,ZZ000000000000,P040501009,1,298
20190815,1565827200,S14010,1102,2,ZZ000000000000,P050102002,1,138
20170626,1498435200,S14033,1182,2,CS033415000246,P050402003,1,480
20181118,1542499200,S13037,1172,2,CS037415000252,P060702001,1,88
20170516,1494892800,S13009,1112,1,CS009415000088,P059001017,1,338
20170924,1506211200,S13009,1152,1,CS009315000143,P059001022,1,498
20180316,1521158400,S14026,1112,1,CS026513000072,P071401001,1,1100
20170925,1506297600,S14040,1162,1,CS040415000233,P080702005,1,195
20190918,1568764800,S13038,1112,2,CS038415000077,P040204001,1,158
20190312,1552348800,S14025,1152,2,CS025415000022,P050701007,1,120
20180214,1518566400,S14012,1172,2,CS012314000027,P070803080,1,748
20181209,1544313600,S13020,1112,1,CS020515000025,P090301004,1,120
20180618,1529280000,S13018,1182,1,CS018415000131,P070702010,1,83
20190502,1556755200,S14046,1132,2,ZZ000000000000,P071003012,1,102
20180802,1533168000,S13043,1172,1,ZZ000000000000,P070701001,1,81
20180724,1532390400,S14026,1182,2,CS026415000234,P060703019,1,148
20190319,1552953600,S13044,1112,1,ZZ000000000000,P060403001,1,98
20170423,1492905600,S13015,1182,2,CS015315000149,P070705007,1,145
20171201,1512086400,S13005,1162,2,CS005615000043,P050701005,1,108
20170613,1497312000,S13016,112,2,CS016214000008,P050303005,1,130
20170730,1501372800,S13003,1182,1,ZZ000000000000,P080504006,1,178
20190613,1560384000,S14047,1182,1,ZZ000000000000,P090203070,1,850
20180111,1515628800,S14011,1142,1,ZZ000000000000,P071001035,1,102
20180802,1533168000,S14046,1102,1,ZZ000000000000,P071401001,1,1100
20190609,1560038400,S13032,1172,2,CS032414000119,P060602020,1,118
20190219,1550534400,S14006,1162,2,CS006315000171,P071004006,1,102
20180625,1529884800,S14021,1102,2,CS021514000043,P070201011,1,128
20170708,1499472000,S13041,1102,1,ZZ000000000000,P090303001,1,190
20170115,1484438400,S12029,1152,2,CS029415000224,P040301002,1,248
20170312,1489276800,S13003,1152,2,ZZ000000000000,P070403001,1,75
20170806,1501977600,S14026,1132,2,ZZ000000000000,P070202046,1,238
20190525,1558742400,S14045,1122,1,ZZ000000000000,P050102001,2,120
20170318,1489795200,S13008,1172,2,ZZ000000000000,P080201005,1,115
20170928,1506556800,S13008,112,1,CS008214000024,P091402003,1,900
20170311,1489190400,S14024,1192,2,CS024515000080,P070709080,1,248
20180708,1531008000,S13020,1172,1,ZZ000000000000,P080201012,1,135
20190422,1555891200,S13019,112,2,CS019215000029,P050601005,1,188
20170503,1493769600,S13019,1162,2,ZZ000000000000,P080402005,1,125
20180627,1530057600,S14006,1152,2,ZZ000000000000,P050301014,1,138
20190730,1564444800,S13004,1142,1,ZZ000000000000,P060303001,1,148
20180304,1520121600,S14045,1142,2,ZZ000000000000,P040503001,1,298
20170523,1495497600,S13015,1132,1,CS015415000138,P070101015,1,88
20190819,1566172800,S13020,1172,1,CS020415000167,P050103001,1,78
20181224,1545609600,S14045,1122,2,ZZ000000000000,P071004046,1,102
20190903,1567468800,S13038,112,1,CS038215000021,P040202002,1,178
20171031,1509408000,S14036,1182,2,ZZ000000000000,P040101001,1,198
20181218,1545091200,S14011,1102,1,CS011414000035,P070308025,1,328
20181127,1543276800,S12013,1122,2,ZZ000000000000,P050102001,1,60
20181104,1541289600,S12013,1172,2,CS013515000143,P040602002,1,440
20170825,1503619200,S12007,1102,1,CS007615000110,P050102001,1,60
20190922,1569110400,S14040,112,2,CS040215000056,P071003029,1,145
20171023,1508716800,S14034,1122,1,ZZ000000000000,P090103001,1,90
20170522,1495411200,S12030,112,2,CS030215000003,P050504002,1,135
20180704,1530662400,S13032,112,1,CS032115000008,P050101003,1,138
20190521,1558396800,S13018,1132,2,CS018605000009,P050501002,1,135
20170730,1501372800,S14028,1162,2,CS028515000164,P080202013,1,100
20170216,1487203200,S13018,1182,2,CS018415000125,P071301008,1,5060
20170426,1493164800,S14021,1122,2,ZZ000000000000,P050305007,1,108
20190416,1555372800,S14047,1182,2,ZZ000000000000,P060702001,1,88
20190608,1559952000,S14024,1152,1,CS024415000108,P071101003,1,680
20181208,1544227200,S13017,1162,1,CS017515000018,P071004008,1,102
20190216,1550275200,S13020,1162,2,ZZ000000000000,P080702005,1,195
20190318,1552867200,S13019,1112,1,CS019415000005,P070707002,1,45
20171214,1513209600,S13019,1132,1,CS019515000017,P080901002,1,950
20170310,1489104000,S12013,1192,1,CS013412000005,P070401003,1,138
20191008,1570492800,S13051,1152,2,ZZ000000000000,P080803001,1,100
20190107,1546819200,S14026,1122,1,CS026515000058,P040301005,1,298
20170401,1491004800,S13002,1182,2,ZZ000000000000,P080301002,1,135
20170423,1492905600,S14012,1122,2,CS012605000011,P060104014,1,100
20180215,1518652800,S14025,1152,1,CS025415000050,P080402011,1,298
20170628,1498608000,S14040,1182,2,CS040415000070,P050603001,1,168
20170507,1494115200,S12029,1112,1,CS029415000054,P060303001,1,148
20180914,1536883200,S13009,1152,2,CS009515000110,P070504001,1,100
20190626,1561507200,S14027,1112,2,CS027515000220,P060303001,1,148
20170714,1499990400,S12030,1122,2,CS030514000093,P060102001,1,70
20190312,1552348800,S14033,1132,1,CS033415000246,P071001130,1,598
20171203,1512259200,S12029,1162,1,CS029515000107,P070405012,1,117
20170116,1484524800,S13002,1112,1,ZZ000000000000,P080803001,1,100
20190526,1558828800,S13041,1112,2,ZZ000000000000,P070701001,1,81
20170714,1499990400,S13004,1102,2,CS004515000482,P060104036,1,150
20180803,1533254400,S12030,1172,1,CS030615000028,P040701002,1,208
20170802,1501632000,S13009,1102,2,CS009414000082,P071005019,1,102
20170114,1484352000,S13038,1132,2,CS038514000002,P080602003,1,428
20180813,1534118400,S13031,1102,1,ZZ000000000000,P070707094,1,218
20190909,1567987200,S14049,1102,2,ZZ000000000000,P080602001,1,208
20190331,1553990400,S13037,1182,2,ZZ000000000000,P071003010,1,102
20191009,1570579200,S13035,1132,1,CS035414000020,P040102002,1,268
20170311,1489190400,S13038,1112,2,CS038514000102,P071004009,1,102
20190724,1563926400,S14050,1122,1,ZZ000000000000,P070710004,1,80
20170509,1494288000,S14026,1142,1,CS026414000104,P090203002,1,298
20190309,1552089600,S13035,1112,2,CS035415000049,P040501001,1,100
20170113,1484265600,S14021,1162,1,ZZ000000000000,P071401005,1,1100
20170125,1485302400,S14012,1192,2,ZZ000000000000,P071401001,1,1100
20170708,1499472000,S13009,1192,2,ZZ000000000000,P050303001,1,75
20181025,1540425600,S12014,1192,2,CS014412000201,P080802001,1,98
20170118,1484697600,S12030,1182,2,CS030304000002,P060701001,1,98
20180505,1525478400,S13038,1172,2,CS038415000180,P060702003,1,88
20190926,1569456000,S13017,1192,2,ZZ000000000000,P071005028,1,198
20170811,1502409600,S13020,1142,2,CS020515000074,P071101019,1,980
20181212,1544572800,S13037,1182,2,CS037515000126,P071401011,1,1300
20190903,1567468800,S14022,1192,2,CS022414000142,P060602004,1,78
20190624,1561334400,S14026,1172,1,CS026414000097,P060101003,1,165
20180411,1523404800,S14022,1182,2,CS022414000086,P070506008,1,258
20180426,1524700800,S14033,1152,2,CS033412000111,P090403001,1,248
20171028,1509148800,S13017,1132,2,CS017513000190,P060101002,1,160
20170824,1503532800,S12014,112,2,CS014214000013,P060303001,1,148
20190201,1548979200,S14026,1172,2,ZZ000000000000,P050403005,1,180
20190908,1567900800,S13015,1162,2,CS015415000041,P050303001,1,75
20180126,1516924800,S14033,1182,1,CS033514000078,P071003016,1,102
20180517,1526515200,S14027,1132,1,CS027515000082,P080101006,1,45
20171107,1510012800,S14034,1142,2,ZZ000000000000,P070602030,1,140
20180310,1520640000,S12007,1132,2,CS007515000170,P070101132,1,498
20181017,1539734400,S14023,1152,2,CS023414000025,P060502001,1,100
20190920,1568937600,S14042,1132,2,CS042515000023,P050404013,1,148
20170211,1486771200,S13008,1132,1,CS008515000026,P050101003,1,138
20180829,1535500800,S14026,1182,2,CS026515000130,P080102101,1,90
20170417,1492387200,S13037,1192,1,ZZ000000000000,P071001033,1,102
20171006,1507248000,S14040,1162,2,CS040515000225,P050101009,1,208
20171025,1508889600,S14011,1102,2,CS011314000048,P071401008,1,1200
20180710,1531180800,S13004,1132,1,CS004415000417,P060702002,1,88
20190719,1563494400,S13009,1152,2,CS009513000012,P060103004,1,170
20190719,1563494400,S13008,1102,2,ZZ000000000000,P080102117,1,90
20181130,1543536000,S14006,1172,1,CS006614000068,P070404003,1,115
20190113,1547337600,S13020,1172,1,CS020414000028,P090202072,1,1200
20190915,1568505600,S14049,1172,2,ZZ000000000000,P090808001,1,80
20170830,1504051200,S13039,1132,1,ZZ000000000000,P060702001,1,88
20190707,1562457600,S13016,1112,2,CS016515000015,P090103045,1,368
20190717,1563321600,S14048,1182,2,ZZ000000000000,P090401045,1,740
20181118,1542499200,S13031,1192,2,CS031415000148,P060803001,1,342
20190901,1567296000,S13037,1122,2,ZZ000000000000,P070602039,1,168
20170914,1505347200,S13035,1112,2,CS035415000159,P060102001,1,70
20190520,1558310400,S14049,1172,1,ZZ000000000000,P070702011,1,88
20190916,1568592000,S12014,1152,2,CS014415000075,P080402003,1,50
20170621,1498003200,S12029,1142,1,CS029314000094,P070302024,1,848
20171203,1512259200,S13041,1112,2,ZZ000000000000,P071004061,1,318
20171129,1511913600,S14010,1162,1,CS010415000215,P060801012,1,90
20171206,1512518400,S14021,1152,2,ZZ000000000000,P080301001,1,48
20170504,1493856000,S14028,1182,2,ZZ000000000000,P050404030,1,188
20170114,1484352000,S14026,1102,2,ZZ000000000000,P050101006,1,158
20180410,1523318400,S14046,1142,1,ZZ000000000000,P071401019,1,2200
20180617,1529193600,S13041,1142,2,ZZ000000000000,P080701002,1,138
20190819,1566172800,S14042,1132,2,ZZ000000000000,P050304001,1,118
20171011,1507680000,S13038,1102,1,ZZ000000000000,P050305003,1,75
20190218,1550448000,S13005,1122,2,CS005815000048,P071003018,1,102
20190802,1564704000,S14046,1182,1,CS046614000002,P060103004,1,170
20181116,1542326400,S14010,1132,1,CS010513000020,P050701010,1,138
20190331,1553990400,S14006,1152,2,CS006515000141,P070501017,1,228
20190812,1565568000,S13044,1102,1,ZZ000000000000,P070702072,1,141
20170928,1506556800,S13041,1132,2,ZZ000000000000,P070708012,1,128
20180608,1528416000,S13017,1112,2,CS017513000116,P050403015,1,248
20181024,1540339200,S14024,112,2,ZZ000000000000,P070305028,1,248
20190106,1546732800,S13018,1132,2,CS018515000035,P040301004,1,298
20170111,1484092800,S12030,1142,2,CS030415000159,P040503001,1,298
20190706,1562371200,S12014,1132,2,CS014515000230,P071401004,1,1100
20180101,1514764800,S12030,1172,2,CS030515000051,P070704063,1,188
20170925,1506297600,S12014,1172,2,ZZ000000000000,P060702022,1,148
20170228,1488240000,S13035,1162,2,CS035415000174,P070602046,1,238
20170616,1497571200,S14034,112,2,CS034212000041,P050401001,1,60
20190924,1569283200,S14049,1152,2,ZZ000000000000,P060103001,1,100
20180919,1537315200,S13003,1142,1,ZZ000000000000,P080901001,1,95
20170815,1502755200,S13043,1152,2,ZZ000000000000,P050301010,1,108
20190331,1553990400,S14045,1152,2,ZZ000000000000,P050701012,1,148
20170623,1498176000,S14024,112,1,CS024212000026,P050305001,1,58
20171214,1513209600,S14011,1132,1,CS011515000057,P070101055,1,145
20180617,1529193600,S14024,1122,1,CS024415000195,P080201001,1,98
20170902,1504310400,S13003,1122,2,CS003512000072,P060202001,1,600
20170619,1497830400,S13005,1172,2,CS005604000001,P050602001,1,88
20171101,1509494400,S12007,1172,1,CS007514000103,P060603001,1,68
20171028,1509148800,S12030,1162,1,ZZ000000000000,P060303001,1,148
20170529,1496016000,S13002,1112,2,CS002414000047,P050101005,1,145
20190626,1561507200,S14022,112,1,ZZ000000000000,P071004034,1,102
20190808,1565222400,S13018,1152,2,CS018513000007,P070707008,1,98
20190321,1553126400,S14040,1182,1,CS040412000031,P070203016,1,158
20181107,1541548800,S13015,1142,1,CS015515000077,P070401025,1,185
20170720,1500508800,S13031,1132,2,CS031414000073,P090907072,1,255
20171010,1507593600,S14028,1132,2,CS028415000215,P050101009,1,208
20170628,1498608000,S14022,1122,1,ZZ000000000000,P060702001,1,88
20181113,1542067200,S12029,1172,2,CS029415000248,P040101008,1,420
20190718,1563408000,S14046,1142,1,ZZ000000000000,P050401001,1,60
20180228,1519776000,S13041,1162,1,ZZ000000000000,P080402001,1,45
20190604,1559606400,S14006,1132,1,ZZ000000000000,P070310002,1,195
20190129,1548720000,S13035,112,1,CS035214000011,P060403027,1,338
20181216,1544918400,S12013,1112,1,CS013515000207,P060101001,1,110
20191027,1572134400,S14028,112,1,CS028214000013,P070304004,1,138
20171020,1508457600,S13038,1122,2,CS038413000118,P060101003,1,165
20170207,1486425600,S13002,1102,2,CS002415000034,P060104015,1,100
20190711,1562803200,S13005,1162,2,ZZ000000000000,P080102001,1,10
20190316,1552694400,S13020,1152,2,CS020814000010,P060101003,1,165
20180105,1515110400,S13001,1112,2,CS001513000223,P080802001,1,98
20170130,1485734400,S13005,1182,2,ZZ000000000000,P050701002,1,88
20180621,1529539200,S13037,1112,2,CS037411000044,P040101008,1,420
20190814,1565740800,S14046,1132,1,ZZ000000000000,P070806017,1,368
20190419,1555632000,S14026,1142,1,CS026514000082,P060104015,1,100
20180731,1532995200,S13016,1102,1,CS016515000125,P071004002,1,102
20190612,1560297600,S13039,1142,2,CS039414000025,P050404024,1,188
20171107,1510012800,S12013,1122,2,CS013515000207,P080801004,1,98
20170908,1504828800,S14021,1122,1,CS021512000154,P060701003,1,100
20190401,1554076800,S14024,1152,1,CS024411000062,P070302006,1,268
20170125,1485302400,S14023,1132,1,CS023415000240,P071401001,1,1100
20180508,1525737600,S14006,1162,1,CS006415000164,P071401003,1,1100
20190604,1559606400,S14050,1122,2,ZZ000000000000,P071401024,1,2400
20190124,1548288000,S12014,1142,1,CS014514000076,P090102010,1,140
20180501,1525132800,S13037,1132,2,CS037415000088,P050102003,1,185
20190706,1562371200,S14011,1112,1,CS011515000111,P050103001,1,78
20170605,1496620800,S14033,1192,1,CS033414000058,P071401001,1,1100
20170509,1494288000,S13009,1112,2,CS009415000024,P080702011,1,268
20170915,1505433600,S12007,1112,2,CS007513000022,P060103001,1,100
20170929,1506643200,S14010,1112,1,CS010514000011,P071401009,1,1200
20180417,1523923200,S14012,1142,1,CS012304000007,P091401102,1,258
20191031,1572480000,S14021,1102,2,ZZ000000000000,P060702023,1,158
20170912,1505174400,S13035,1122,1,CS035415000184,P050505001,1,135
20170330,1490832000,S14006,1172,1,CS006515000175,P071001004,1,68
20180622,1529625600,S14040,1152,1,CS040513000111,P080701002,1,138
20170502,1493683200,S12030,1172,2,CS030414000095,P060104040,1,150
20171108,1510099200,S14034,1172,2,CS034415000206,P060701006,1,158
20181005,1538697600,S14034,1112,1,CS034513000100,P040601001,1,278
20171103,1509667200,S14012,1172,1,ZZ000000000000,P050101006,1,158
20190204,1549238400,S13041,1132,1,ZZ000000000000,P050205004,1,258
20190618,1560816000,S13019,1182,1,ZZ000000000000,P071102001,1,190
20190319,1552953600,S14046,1192,1,ZZ000000000000,P080102156,1,180
20170226,1488067200,S13009,1112,2,CS009311000012,P080801006,1,100
20170716,1500163200,S14036,1122,2,ZZ000000000000,P071401001,1,1100
20180601,1527811200,S14021,1142,2,ZZ000000000000,P059001025,1,578
20190207,1549497600,S13002,1132,1,CS002515000195,P090103004,1,110
20170116,1484524800,S13009,1172,2,CS009415000088,P060702024,1,188
20190903,1567468800,S14046,112,1,ZZ000000000000,P060303001,1,148
20190410,1554854400,S13032,1142,1,CS032415000002,P060101001,1,110
20170804,1501804800,S13035,1112,1,CS035512000035,P060704001,1,198
20190101,1546300800,S13020,112,1,CS020214000028,P091503005,1,1280
20190220,1550620800,S13019,112,2,CS019215000029,P070803016,1,198
20190108,1546905600,S13004,1122,2,CS004415000499,P050301016,1,138
20170218,1487376000,S14025,1102,1,CS025515000183,P050302005,1,298
20190724,1563926400,S13015,1112,2,CS015515000077,P050101003,2,276
20180312,1520812800,S14010,1192,2,CS010415000034,P059001007,1,258
20180120,1516406400,S12029,1122,2,CS029513000048,P050102001,1,60
20171023,1508716800,S13003,1102,1,CS003415000463,P090701026,1,448
20190518,1558137600,S14047,1162,1,ZZ000000000000,P080403009,1,248
20181219,1545177600,S14012,1162,2,CS012515000180,P060101007,1,180
20170221,1487635200,S14012,1192,1,CS012304000001,P050102001,1,60
20181107,1541548800,S13018,1132,2,CS018515000169,P050104012,1,740
20190707,1562457600,S14034,1132,2,CS034515000131,P071001005,1,88
20180202,1517529600,S13004,1162,2,ZZ000000000000,P071401023,1,2400
20180613,1528848000,S13031,1112,2,CS031414000059,P070501001,1,98
20180928,1538092800,S13001,1102,1,ZZ000000000000,P071102002,1,190
20181116,1542326400,S14010,1102,1,CS010513000142,P059001002,1,238
20190902,1567382400,S13015,1112,2,ZZ000000000000,P070302023,1,800
20190715,1563148800,S14045,1112,2,ZZ000000000000,P071004055,1,298
20190606,1559779200,S13041,112,2,ZZ000000000000,P070101007,1,75
20170808,1502150400,S14033,1122,1,CS033515000117,P070308030,1,375
20190406,1554508800,S14034,1152,2,CS034415000245,P091503002,1,680
20170818,1503014400,S13037,1112,1,CS037515000106,P060101005,1,170
20180622,1529625600,S13032,1182,1,CS032514000041,P070408003,1,188
20181027,1540598400,S13038,1102,1,CS038415000117,P070601003,1,128
20190616,1560643200,S14026,1192,1,CS026414000022,P050503033,1,342
20170102,1483315200,S13019,1102,1,CS019515000097,P071002018,1,102
20170430,1493510400,S13004,1112,1,CS004415000088,P070501003,1,110
20170103,1483401600,S14010,1162,2,ZZ000000000000,P060102003,1,88
20180308,1520467200,S13043,1162,1,ZZ000000000000,P071101017,1,880
20170602,1496361600,S13031,1102,2,ZZ000000000000,P070905012,1,218
20180502,1525219200,S13032,1132,2,CS032515000151,P071001016,1,102
20190104,1546560000,S14048,112,1,ZZ000000000000,P059001011,1,288
20170111,1484092800,S14006,112,1,CS006215000011,P070701009,1,81
20180119,1516320000,S13019,1172,1,CS019412000157,P060101001,1,110
20190202,1549065600,S14011,1182,2,CS011415000001,P071101006,1,680
20180128,1517097600,S13015,1162,2,CS015414000138,P070202035,1,208
20180413,1523577600,S13001,1132,2,ZZ000000000000,P040202002,1,178
20190727,1564185600,S13005,1122,1,ZZ000000000000,P071401002,1,1100
20180201,1517443200,S14024,1162,2,ZZ000000000000,P070707054,1,148
20180906,1536192000,S13004,1112,2,CS004515000723,P050103007,1,128
20170218,1487376000,S13037,1172,1,ZZ000000000000,P071001024,1,102
20170420,1492646400,S13009,1122,1,CS009605000001,P050104006,1,188
20180328,1522195200,S13020,1192,2,CS020414000115,P071002039,1,288
20191014,1571011200,S14028,1102,2,CS028414000014,P050701001,1,88
20180331,1522454400,S13005,1132,1,ZZ000000000000,P070203003,1,100
20180613,1528848000,S13043,1182,2,ZZ000000000000,P050101005,1,145
20190709,1562630400,S14027,1182,1,ZZ000000000000,P080804001,1,100
20180520,1526774400,S13015,1182,1,ZZ000000000000,P080403001,1,175
20170109,1483920000,S13020,112,1,CS020214000001,P071002023,1,102
20190702,1562025600,S13043,1162,1,ZZ000000000000,P060104001,1,70
20180615,1529020800,S14027,1182,1,ZZ000000000000,P060403030,1,368
20180405,1522886400,S13032,1112,1,CS032515000054,P091401061,1,145
20170106,1483660800,S12007,1152,1,CS007615000087,P040202001,1,178
20180802,1533168000,S14027,1152,1,CS027615000076,P060303001,1,148
20190801,1564617600,S13003,1162,1,CS003805000003,P060702009,1,88
20190106,1546732800,S13038,1162,2,ZZ000000000000,P040503001,1,298
20190414,1555200000,S14022,1152,2,CS022414000055,P060103003,1,150
20190919,1568851200,S13017,1102,2,CS017413000033,P071103005,1,180
20191031,1572480000,S12013,1142,2,ZZ000000000000,P070309020,1,298
20181007,1538870400,S13018,1172,1,CS018414000039,P071005028,1,198
20190204,1549238400,S13043,1102,1,ZZ000000000000,P070703003,1,98
20180729,1532822400,S13008,1112,2,CS008515000204,P070703008,1,108
20190930,1569801600,S13035,1102,1,ZZ000000000000,P040101003,1,230
20190323,1553299200,S14049,1102,1,ZZ000000000000,P060102021,1,100
20180718,1531872000,S13004,1172,2,CS004414000217,P071401001,1,1100
20170725,1500940800,S13017,1182,1,CS017414000097,P060702008,1,88
20190810,1565395200,S13041,1102,2,ZZ000000000000,P090806009,1,158
20180504,1525392000,S12007,1152,1,CS007612000045,P071401004,1,1100
20180801,1533081600,S14042,1112,1,ZZ000000000000,P050104003,1,118
20170728,1501200000,S14022,1102,2,ZZ000000000000,P050602001,1,88
20171215,1513296000,S13017,1142,2,ZZ000000000000,P050101003,1,138
20170823,1503446400,S14023,112,2,CS023215000036,P050601004,1,185
20190916,1568592000,S12014,1152,1,CS014415000075,P060102001,1,70
20170902,1504310400,S12014,1162,2,CS014512000061,P070310003,1,228
20180702,1530489600,S14023,1162,2,CS023514000001,P059001010,1,278
20171004,1507075200,S13043,1132,2,ZZ000000000000,P070303022,1,218
20170323,1490227200,S13017,112,1,CS017215000032,P070308011,1,208
20171223,1513987200,S13037,1132,1,CS037512000090,P080602001,1,208
20171111,1510358400,S14036,1102,1,ZZ000000000000,P050103009,1,128
20180201,1517443200,S13019,1182,2,CS019414000012,P070202043,1,228
20170415,1492214400,S14024,112,2,CS024212000032,P060104023,1,120
20190123,1548201600,S13044,1162,1,ZZ000000000000,P071004003,1,102
20190902,1567382400,S13032,1102,2,ZZ000000000000,P050301008,1,78
20180403,1522713600,S14010,1132,2,CS010415000318,P070504022,1,218
20181004,1538611200,S14026,1192,1,CS026513000059,P070701002,1,81
20171110,1510272000,S12013,1102,2,CS013514000022,P060501012,1,298
20180802,1533168000,S14042,1152,1,ZZ000000000000,P059001007,1,258
20190406,1554508800,S12013,1162,1,CS013415000035,P060103002,1,130
20170710,1499644800,S12013,1152,2,ZZ000000000000,P080401040,1,270
20170906,1504656000,S12029,112,1,CS029215000021,P050101001,1,40
20190423,1555977600,S14011,1152,1,ZZ000000000000,P060702027,1,210
20170311,1489190400,S13008,1182,2,CS008515000180,P071006006,1,218
20171216,1513382400,S14040,1162,2,CS040615000120,P071302001,1,280
20170506,1494028800,S14023,112,2,ZZ000000000000,P080703001,1,248
20180525,1527206400,S14024,1182,1,CS024515000085,P050602002,1,198
20180620,1529452800,S13032,1122,1,CS032415000195,P040401004,1,228
20190114,1547424000,S12029,1192,2,CS029414000042,P070404001,1,100
20180521,1526860800,S14006,1112,2,CS006415000243,P070404031,1,218
20190127,1548547200,S13032,1162,1,ZZ000000000000,P060303001,1,148
20181119,1542585600,S14026,1112,1,CS026414000090,P070706001,1,98
20170530,1496102400,S13041,1172,2,ZZ000000000000,P070504001,1,100
20180928,1538092800,S13018,1132,2,ZZ000000000000,P071401001,1,1100
20170927,1506470400,S13009,1152,2,CS009314000003,P040701003,1,268
20191028,1572220800,S12029,1182,2,CS029414000065,P050303018,1,238
20170613,1497312000,S14006,1172,1,CS006415000243,P071401004,1,1100
20180603,1527984000,S14028,1162,2,CS028515000149,P090206006,1,580
20180819,1534636800,S13009,1152,1,CS009415000130,P071401025,1,2400
20180904,1536019200,S14033,1142,1,CS033415000244,P050301020,1,158
20190414,1555200000,S14048,1122,2,ZZ000000000000,P071006002,1,198
20170320,1489968000,S13003,1162,1,CS003605000005,P071004010,1,102
20190122,1548115200,S14025,1152,1,CS025415000179,P090907037,1,158
20170130,1485734400,S12014,1122,2,CS014515000129,P050601004,1,185
20190709,1562630400,S13009,1152,1,CS009414000041,P071401006,1,1200
20190930,1569801600,S13037,1152,2,CS037411000053,P050302003,1,158
20180917,1537142400,S12013,1172,2,CS013415000103,P060303001,1,148
20180503,1525305600,S13043,1162,2,ZZ000000000000,P080402005,1,125
20180206,1517875200,S14045,1182,2,ZZ000000000000,P071101001,1,278
20190405,1554422400,S13031,1122,2,CS031513000048,P060102029,1,100
20190213,1550016000,S14045,1162,2,ZZ000000000000,P060303001,1,148
20190928,1569628800,S14028,1172,2,CS028415000226,P070202016,1,158
20190725,1564012800,S12014,1182,1,CS014513000062,P071401022,1,2400
20180214,1518566400,S14034,1162,2,CS034315000110,P071101009,1,680
20170902,1504310400,S13008,1112,2,ZZ000000000000,P070709010,1,138
20181201,1543622400,S14033,1172,2,ZZ000000000000,P071004004,1,102
20181121,1542758400,S13019,112,1,CS019214000015,P060101001,1,110
20190617,1560729600,S13001,112,2,CS001214000052,P070705004,1,138
20170627,1498521600,S12013,1122,2,CS013414000137,P070710051,1,518
20180312,1520812800,S13044,1132,1,ZZ000000000000,P040602001,1,405
20170118,1484697600,S13031,1172,2,CS031314000081,P060101004,1,170
20181214,1544745600,S14011,1122,1,CS011615000072,P071401025,1,2400
20171217,1513468800,S14022,1112,1,CS022515000113,P071101012,1,680
20170731,1501459200,S14006,1132,1,CS006515000083,P071101016,1,880
20180608,1528416000,S13039,1102,1,CS039513000071,P059001013,1,288
20170731,1501459200,S12029,1192,2,CS029515000100,P080801007,1,218
20170225,1487980800,S14026,1122,1,CS026515000168,P070404005,1,115
20170921,1505952000,S12007,1162,1,CS007515000083,P060104058,1,240
20190129,1548720000,S14042,1112,1,ZZ000000000000,P070304060,1,418
20180804,1533340800,S13035,1142,1,CS035414000071,P040503001,1,298
20170106,1483660800,S14028,1152,2,CS028513000137,P071005006,1,98
20171017,1508198400,S14042,1152,2,ZZ000000000000,P040501003,1,220
20180820,1534723200,S14023,1142,1,CS023414000025,P040402001,1,228
20190814,1565740800,S13035,112,2,CS035214000006,P071102004,1,458
20170207,1486425600,S14023,1162,2,CS023414000025,P050406001,1,98
20171222,1513900800,S14034,1102,1,CS034513000043,P060104012,1,100
20190221,1550707200,S12007,1142,2,CS007513000183,P060801034,1,90
20180727,1532649600,S14012,1162,2,ZZ000000000000,P070504041,1,422
20190727,1564185600,S13017,1152,1,ZZ000000000000,P070204001,1,88
20181016,1539648000,S13018,1182,2,ZZ000000000000,P040802002,1,100
20190730,1564444800,S13031,1122,1,CS031515000138,P060102058,1,120
20170216,1487203200,S13004,1122,1,ZZ000000000000,P060702003,1,88
20180309,1520553600,S13017,1152,1,ZZ000000000000,P059001002,1,238
20191008,1570492800,S14021,1122,1,CS021515000208,P071102004,1,458
20190716,1563235200,S13038,1192,1,CS038415000181,P070101091,1,220
20190827,1566864000,S14022,1192,1,CS022515000115,P050407001,1,138
20190206,1549411200,S14040,1152,2,ZZ000000000000,P050101002,1,128
20180111,1515628800,S13041,1132,2,ZZ000000000000,P040102018,1,498
20190605,1559692800,S13019,112,1,CS019214000006,P090304012,1,745
20190401,1554076800,S13015,1102,2,CS015515000243,P050405001,1,148
20180515,1526342400,S13008,1112,1,CS008311000039,P071001036,1,102
20190630,1561852800,S13019,1172,2,CS019515000097,P090303011,1,460
20190921,1569024000,S13043,1102,2,CS043311000002,P080802001,1,98
20190418,1555545600,S13002,1122,1,ZZ000000000000,P071302001,1,280
20181208,1544227200,S13038,1182,1,ZZ000000000000,P070101115,1,298
20190425,1556150400,S14027,1152,1,ZZ000000000000,P060303001,1,148
20170301,1488326400,S12029,112,1,CS029214000018,P080803001,1,100
20191009,1570579200,S13002,1132,1,CS002414000214,P060102058,1,120
20170217,1487289600,S13039,1132,2,ZZ000000000000,P050701004,1,98
20190824,1566604800,S12029,1152,2,ZZ000000000000,P090804130,1,660
20170814,1502668800,S14025,1192,2,CS025415000069,P070702121,1,163
20180127,1517011200,S13003,1192,1,ZZ000000000000,P040701001,1,208
20171109,1510185600,S13015,1162,2,ZZ000000000000,P071302007,1,388
20180322,1521676800,S14033,1132,1,CS033515000197,P040503001,2,596
20181026,1540512000,S14046,1132,1,ZZ000000000000,P060103002,1,130
20190314,1552521600,S13008,1122,1,CS008515000115,P060702024,1,188
20190112,1547251200,S14047,1152,1,ZZ000000000000,P060701002,1,98
20171117,1510876800,S14027,1172,1,CS027515000009,P070502004,1,100
20190331,1553990400,S13005,1172,2,ZZ000000000000,P071101004,1,680
20171129,1511913600,S13009,1112,1,CS009414000061,P060801003,1,90
20190211,1549843200,S14026,1182,2,CS026415000268,P060303001,1,148
20190611,1560211200,S13037,1122,2,CS037415000165,P060101001,1,110
20180308,1520467200,S13032,1182,2,CS032515000190,P059001001,1,238
20171021,1508544000,S14010,1172,1,CS010412000184,P040102016,1,398
20170213,1486944000,S13037,1162,2,ZZ000000000000,P071005011,1,102
20181031,1540944000,S14024,112,2,CS024214000013,P070901058,1,278
20190121,1548028800,S14012,1132,1,CS012414000086,P060702004,1,88
20180807,1533600000,S13019,1172,1,CS019415000154,P071401002,1,1100
20170824,1503532800,S14027,1192,2,CS027414000018,P070201037,1,228
20190902,1567382400,S13035,1122,2,ZZ000000000000,P050701013,1,148
20190424,1556064000,S14011,1182,1,CS011415000149,P050101003,1,138
20190411,1554940800,S13044,1142,1,ZZ000000000000,P059001003,1,238
20180624,1529798400,S13032,1102,2,CS032415000107,P040701008,1,298
20171106,1509926400,S13015,1152,1,CS015414000026,P090401041,1,498
20180921,1537488000,S13031,1142,2,CS031412000035,P071401001,1,1100
20190701,1561939200,S14045,1122,2,ZZ000000000000,P060101004,1,170
20190910,1568073600,S13019,1162,2,CS019314000055,P071401007,1,1200
20170913,1505260800,S13002,1182,1,CS002315000299,P060702001,1,88
20190121,1548028800,S13035,1172,1,CS035415000168,P040501001,1,100
20190823,1566518400,S14047,1192,1,ZZ000000000000,P050406003,1,128
20180621,1529539200,S14025,1162,1,CS025412000026,P050701008,1,128
20180830,1535587200,S13016,1152,2,ZZ000000000000,P050301016,1,138
20190618,1560816000,S14048,1172,2,ZZ000000000000,P060303001,1,148
20180503,1525305600,S13009,1142,2,ZZ000000000000,P070501001,1,98
20171009,1507507200,S12007,1182,2,CS007515000083,P040101003,1,230
20190116,1547596800,S13041,1122,2,CS041515000001,P060101007,1,180
20190728,1564272000,S13001,1122,1,CS001515000483,P040802006,1,438
20170805,1501891200,S13005,1122,2,ZZ000000000000,P070301001,1,60
20190823,1566518400,S14042,1192,1,ZZ000000000000,P090301027,1,225
20170911,1505088000,S13003,1192,1,ZZ000000000000,P080901002,1,950
20190618,1560816000,S14024,1162,2,ZZ000000000000,P071001014,1,102
20190915,1568505600,S14010,1172,2,CS010415000134,P071006004,1,218
20170915,1505433600,S14023,112,2,ZZ000000000000,P080702002,1,125
20180301,1519862400,S13009,1132,1,CS009513000152,P060102016,1,100
20180428,1524873600,S14025,1132,1,CS025415000107,P090702001,1,145
20181224,1545609600,S13019,1122,2,CS019515000084,P050403009,1,188
20190520,1558310400,S13001,1152,2,CS001415000754,P071006002,1,198
20171230,1514592000,S14012,1172,2,CS012612000004,P040801004,1,248
20170110,1484006400,S14027,1162,1,CS027414000036,P040504001,1,180
20190515,1557878400,S13032,1102,2,ZZ000000000000,P071401025,1,2400
20180115,1515974400,S14025,1132,2,CS025414000061,P071401024,1,2400
20171013,1507852800,S14006,1192,1,CS006412000085,P071103006,1,180
20181013,1539388800,S13032,1102,2,CS032415000213,P060303001,1,148
20190210,1549756800,S14025,1122,2,CS025415000228,P070302003,1,218
20190628,1561680000,S14022,1122,2,CS022613000011,P059001022,1,498
20190301,1551398400,S13032,1172,2,ZZ000000000000,P060104060,1,250
20191019,1571443200,S13039,1142,2,CS039305000004,P071101013,1,680
20190822,1566432000,S14046,1102,1,ZZ000000000000,P070801055,1,698
20180325,1521936000,S13044,1162,2,ZZ000000000000,P040502003,1,298
20170428,1493337600,S14027,1162,1,CS027514000096,P090203016,1,430
20180807,1533600000,S12030,1182,1,ZZ000000000000,P091503001,1,280
20190728,1564272000,S13001,1122,2,CS001515000483,P050701004,1,98
20171007,1507334400,S13038,1122,2,ZZ000000000000,P050701001,1,88
20170327,1490572800,S12013,1112,1,ZZ000000000000,P050102004,1,188
20170427,1493251200,S13019,1152,1,CS019415000117,P050102005,1,198
20190227,1551225600,S14046,1122,1,ZZ000000000000,P071102005,1,698
20181216,1544918400,S14034,1162,1,CS034515000005,P060104066,1,320
20190130,1548806400,S12030,1142,2,CS030515000152,P071001002,1,48
20180308,1520467200,S13044,1192,1,ZZ000000000000,P050302001,1,80
20170316,1489622400,S13018,1172,1,CS018415000147,P050506001,1,207
20180424,1524528000,S13004,1132,1,CS004315000529,P070901001,1,98
20170305,1488672000,S14024,1162,1,CS024415000041,P040102001,1,268
20170305,1488672000,S13019,1102,1,CS019415000117,P040401001,1,118
20180601,1527811200,S13019,1112,1,CS019615000050,P071001049,1,102
20190909,1567987200,S13008,1112,1,ZZ000000000000,P040501006,1,298
20180705,1530748800,S14045,112,1,ZZ000000000000,P071102004,1,458
20180914,1536883200,S14033,1172,2,CS033515000125,P071401001,1,1100
20190313,1552435200,S14011,1102,1,ZZ000000000000,P070709035,1,168
20180318,1521331200,S14026,1132,1,CS026415000080,P071004005,1,102
20191002,1569974400,S14027,1112,2,CS027515000253,P070705034,1,238
20181211,1544486400,S14012,1112,1,CS012515000198,P060804007,1,450
20190615,1560556800,S13037,1172,2,CS037415000165,P060101002,1,160
20180831,1535673600,S13039,1162,2,CS039615000010,P070310001,1,130
20180518,1526601600,S13001,1102,2,CS001515000330,P070706001,1,98
20181127,1543276800,S14006,1132,2,CS006414000017,P050101008,1,168
20190617,1560729600,S14050,1102,2,ZZ000000000000,P080801010,1,278
20170311,1489190400,S13035,1132,2,CS035514000009,P070802008,1,248
20171014,1507939200,S14042,1162,1,ZZ000000000000,P050101002,1,128
20190206,1549411200,S13008,1112,1,CS008414000053,P060303001,1,148
20170219,1487462400,S13002,112,1,CS002215000058,P070405005,1,98
20190715,1563148800,S13015,1172,1,ZZ000000000000,P040601001,1,278
20190922,1569110400,S13008,1162,1,ZZ000000000000,P060101007,1,180
20180128,1517097600,S14027,1192,1,ZZ000000000000,P071401006,1,1200
20181104,1541289600,S14028,1192,1,CS028515000080,P040601001,1,278
20180714,1531526400,S13019,1172,1,CS019415000086,P071401010,1,1200
20170629,1498694400,S13039,1112,2,CS039515000008,P070905003,1,115
20170410,1491782400,S12030,1182,2,CS030415000264,P060202001,1,600
20190129,1548720000,S13015,1192,2,CS015414000026,P060303001,2,296
20190816,1565913600,S14021,1102,1,CS021613000069,P059001001,1,238
20190116,1547596800,S14046,112,1,ZZ000000000000,P060503001,1,78
20190528,1559001600,S14021,1192,2,CS021515000172,P050101004,1,138
20170221,1487635200,S14010,1162,1,ZZ000000000000,P050301035,1,248
20190901,1567296000,S14040,1102,1,CS040515000174,P080202013,1,100
20170925,1506297600,S14011,1112,2,ZZ000000000000,P050101005,1,145
20190222,1550793600,S14040,1172,2,ZZ000000000000,P071401008,1,1200
20181012,1539302400,S14040,1172,1,CS040514000055,P090403016,1,765
20191028,1572220800,S13037,1192,1,CS037414000061,P070302002,1,200
20190629,1561766400,S14026,1152,1,CS026515000130,P060102048,1,120
20171122,1511308800,S14006,1122,2,CS006415000107,P060701001,1,98
20180519,1526688000,S14028,1162,1,ZZ000000000000,P080302002,1,270
20180224,1519430400,S14033,1112,2,CS033515000178,P040102005,1,318
20180217,1518825600,S12007,1192,2,ZZ000000000000,P070203007,1,128
20170109,1483920000,S14034,1152,1,CS034414000041,P070902022,1,138
20190822,1566432000,S12007,112,2,ZZ000000000000,P090102041,1,298
20190114,1547424000,S13041,1182,1,ZZ000000000000,P060303001,2,296
20170417,1492387200,S14040,1182,1,ZZ000000000000,P070305003,1,120
20171013,1507852800,S13008,1152,2,ZZ000000000000,P060702018,1,128
20190629,1561766400,S14024,1102,2,ZZ000000000000,P080804001,1,100
20190331,1553990400,S14050,112,1,ZZ000000000000,P040202002,1,178
20190920,1568937600,S13016,1142,1,CS016515000207,P050303011,1,198
20181124,1543017600,S14011,1192,1,CS011415000056,P050406041,1,245
20190831,1567209600,S13044,1142,1,ZZ000000000000,P050103001,1,78
20190703,1562112000,S13008,1172,2,CS008515000065,P060104028,1,120
20170316,1489622400,S12014,1192,2,CS014415000200,P090704131,1,450
20171007,1507334400,S14023,112,1,ZZ000000000000,P060104001,1,70
20190813,1565654400,S13009,112,2,ZZ000000000000,P050303010,1,158
20180303,1520035200,S14025,1132,2,CS025414000027,P060402006,1,228
20170129,1485648000,S14027,1172,2,ZZ000000000000,P080901001,1,95
20181116,1542326400,S13032,1142,1,CS032513000006,P080901002,1,950
20170110,1484006400,S13001,112,2,ZZ000000000000,P060403001,1,98
